value1,value2
12.12415,9.679822
15.7277,5.623363
19.86966,10.81916
47.92397,14.30861
38.15737,9.688356
16.21297,5.497469
51.61278,19.11271
31.19351,14.03209
25.25085,9.473285
9.449381,2.921778
17.47634,6.534653
32.88601,6.778774
60.53799,21.62088
32.41012,9.441347
29.59179,9.130554
35.06449,11.10496
44.34792,10.95788
57.97812,33.47702
17.83602,6.675097
14.80571,5.873283
11.83273,1.252306
12.83132,5.083802
15.03314,3.209727
31.67626,17.49136
16.89829,8.915382