Gender,Mean livestock count score,Mean asset count score,Mean farm count score,Mean reduced meals score
Male,8.253306713,4.267979452,1.009765994,0.357111501
Female ,7.146673651,3.460631579,0.662891617,0.400947459