Country,Employment rate
A. England,75.57836233
B. Scotland,74.39875558
C. Wales,72.42569094
D. NI,70.58474608