Country,Employment rate,GVA per head
A. England,75.57836233,27949
B. Scotland,74.39875558,25685
C. Wales,72.42569094,17905
D. NI,70.58474608,21237